id,numero,nombre_display,alcaldia,direccion,colonia,lat,lng,precision_ubicacion,categoria_guia,tipos,giros,destacado
133-melchor-muzquiz-flores,133,Mercado Melchor Múzquiz (Flores),Álvaro Obregón,"Revolución, entre Cracovia y Av. de la Paz, San Ángel",San Ángel,19.3478,-99.1898,punto,Especializados,especializado,flores,False
234-panteon-jardin-flores,234,Mercado Panteón Jardín (Flores),Álvaro Obregón,"Calzada del Desierto de los Leones, esq. Flor de María, Flor de María",Flor de María,19.345212,-99.210316,colonia,Especializados,especializado,flores,False
31-santa-maria-nonoalco,31,Mercado Santa María Nonoalco,Álvaro Obregón,"Francisco Girardón 31, entre Alejandro Allori y Cda. Vicente Ambrossi, Barrio Sta. M. Nonoalco",Barrio Sta. M. Nonoalco,19.380779,-99.191573,colonia,Tradicionales,tradicional,,False
43-melchor-muzquiz-zona,43,Mercado Melchor Múzquiz (San Ángel),Álvaro Obregón,"Av. Revolución s/n, San Ángel, Álvaro Obregón, 01000 CDMX",San Ángel,19.3475,-99.1904,punto,Tradicionales,tradicional,abasto general|comida|arte,True
48-seis-de-enero-de-1915,48,Mercado Seis de Enero de 1915,Álvaro Obregón,"Avenida del Rosal, entre Cda. de Rosa Roja, Rosa Blanca y Rosa Damasco, Molino de Rosas",Molino de Rosas,19.376718,-99.199747,colonia,Tradicionales,tradicional,,False
67-tizapan,67,Mercado Tizapán,Álvaro Obregón,"Frontera 34, esq. San Luis Potosí, Progreso Tizapán",Progreso Tizapán,19.342832,-99.200521,colonia,Tradicionales,tradicional,,False
82-jose-maria-pino-suarez,82,Mercado José María Pino Suárez,Álvaro Obregón,"Jilguero, esq. Río de Tacubaya, José́ María Pino Suárez",José́ María Pino Suárez,19.397956,-99.192945,colonia,Tradicionales,tradicional,,False
162-santa-fe,162,Mercado Santa Fe,Álvaro Obregón,"Vasco de Quiroga 162, entre Corregidora y Primavera, Pueblo Santa Fe",Pueblo Santa Fe,19.368587,-99.263005,colonia,Tradicionales,tradicional,,False
163-maria-g-garcia-de-ruiz,163,Mercado María G. García de Ruíz,Álvaro Obregón,"Camino Antiguo a Santa Fe, entre Austriacos y Alemanes, Paraíso",Paraíso,19.393432,-99.203768,colonia,Tradicionales,tradicional,,False
173-cristo-rey,173,Mercado Cristo Rey,Álvaro Obregón,"Escuadrón 201, esq. Javier Martínez V., Cristo Rey",Cristo Rey,19.391671,-99.195092,colonia,Tradicionales,tradicional,,False
181-olivar-del-conde,181,Mercado Olivar del Conde,Álvaro Obregón,"Ernesto P. Uruchurtu y Agustín Lara, entre Av. Santa Lucía y Miguel Hidalgo, Olivar del Conde 2da Sección",Olivar del Conde 2da Sección,19.37406,-99.219338,colonia,Tradicionales,tradicional,,False
266-puente-colorado,266,Mercado Puente Colorado,Álvaro Obregón,"Río Chico, entre Río Nazas y Puente Tamos, Puente Colorado",Puente Colorado,19.349344,-99.230024,colonia,Tradicionales,tradicional,,False
279-corpus-christi,279,Mercado Corpus Christi,Álvaro Obregón,"San Luis, esq. Priv. San Francisco, Corpus Christi",Corpus Christi,19.360207,-99.247688,colonia,Tradicionales,tradicional,,False
353-marcelo-fernandez-bonilla,353,Mercado Marcelo Fernández Bonilla,Álvaro Obregón,"Puerto Vallarta, esq. Puerto Mazatlán, Piloto Adolfo López Mateos",Piloto Adolfo López Mateos,19.370824,-99.229266,colonia,Tradicionales,tradicional,,False
369-molino-de-santo-domingo,369,Mercado Molino de Santo Domingo,Álvaro Obregón,"San Marcos 66, esq. Santa Lucía, Molino de Santo Domingo",Molino de Santo Domingo,19.393762,-99.202578,colonia,Tradicionales,tradicional,,False
407-centenario,407,Mercado Centenario,Álvaro Obregón,"José Gálvez Moya # 1020, esq. Av. Centenario, La Martinica",La Martinica,19.360594,-99.226549,colonia,Tradicionales,tradicional,,False
413-jalalpa-el-grande,413,Mercado Jalalpa el Grande,Álvaro Obregón,"Colipa # 413, esq. Av. Gustavo Díaz Ordaz, Jalalpa el Grande",Jalalpa el Grande,19.367211,-99.247995,colonia,Tradicionales,tradicional,,False
268-pantaco,268,Mercado Pantaco,Azcapotzalco,"Rabaul 50, Estacion Pantaco, al lado de Aduanas Pantaco",al lado de Aduanas Pantaco,19.47815,-99.170744,colonia,Especializados,especializado,,False
35-azcapotzalco,35,Mercado Azcapotzalco,Azcapotzalco,"Esperanza 357, Centro de Azcapotzalco",Centro de Azcapotzalco,19.482732,-99.182273,colonia,Tradicionales,tradicional,,False
46-claveria,46,Mercado Clavería,Azcapotzalco,"Irapuato, entre Av. Clavería, Egipto y Palestina, Clavería",Clavería,19.470342,-99.175917,colonia,Tradicionales,tradicional,,False
125-arenal,125,Mercado Arenal,Azcapotzalco,"Calle 6, entre Álamo, Olivo y Calle 8, Arenal",Arenal,19.465771,-99.150638,colonia,Tradicionales,tradicional,,False
126-prohogar,126,Mercado Prohogar,Azcapotzalco,"Calle 19, entre Calle 12 y Calle 14, Pro-Hogar",Pro-Hogar,19.47618,-99.152619,colonia,Tradicionales,tradicional,,False
137-santa-lucia,137,Mercado Santa Lucía,Azcapotzalco,"Santa Lucia esquinq Acatl, Barrio Santa Lucía",Barrio Santa Lucía,19.479264,-99.196146,colonia,Tradicionales,tradicional,,False
138-cosmopolita,138,Mercado Cosmopolita,Azcapotzalco,"Ceylán, esq. Islas Aleutianas, Potrero del Llano",Potrero del Llano,19.475188,-99.160285,colonia,Tradicionales,tradicional,,False
141-victoria-de-las-democracias,141,Mercado Victoria de las Democracias,Azcapotzalco,"Toronjil, esq. Pimienta, Victoria de las Democracias",Victoria de las Democracias,19.471357,-99.163489,colonia,Tradicionales,tradicional,,False
142-obrero-popular,142,Mercado Obrero Popular,Azcapotzalco,"Poniente 54, esq. Norte 67, Obrero Popular",Obrero Popular,19.463952,-99.174588,colonia,Tradicionales,tradicional,,False
143-nueva-santa-maria,143,Mercado Nueva Santa María,Azcapotzalco,"Vid 169, entre Begonias y Membrillo, Nueva Santa María",Nueva Santa María,19.46428,-99.168503,colonia,Tradicionales,tradicional,,False
167-benito-juarez,167,Mercado Benito Juárez,Azcapotzalco,"Rabaul, Nte. 81-A, Sindicato Mexicano de Electricistas",Sindicato Mexicano de Electricistas,19.474177,-99.17526,colonia,Tradicionales,tradicional,,False
177-reynosa-tamaulipas,177,Mercado Reynosa Tamaulipas,Azcapotzalco,"Refinería Corona 30, Reynosa Tamaulipas",Reynosa Tamaulipas,19.491785,-99.188684,colonia,Tradicionales,tradicional,,False
194-tlatilco,194,Mercado Tlatilco,Azcapotzalco,"Tlatilco # 171, esq. Orquídea, Tlatilco",Tlatilco,19.461714,-99.161165,colonia,Tradicionales,tradicional,,False
224-san-juan-tlihuaca,224,Mercado San Juan Tlihuaca,Azcapotzalco,"San Juan Tlihuaca, entre Calle del Mercado, Víctor Hernández y Fortunato Zuazua, Pueblo San Juan Tlihuaca",Pueblo San Juan Tlihuaca,19.489349,-99.205913,colonia,Tradicionales,tradicional,,False
227-jardin-23-de-abril,227,Mercado Jardín 23 de Abril,Azcapotzalco,"23 de Abril 80, entre Adrián Castrejón y Joaquín Amaro, Pueblo Sn. P. Xalpa",Pueblo Sn. P. Xalpa,19.478598,-99.214909,colonia,Tradicionales,tradicional,,False
228-jardin-fortuna-nacional,228,Mercado Jardín Fortuna Nacional,Azcapotzalco,"Campo Fortuna Nacional, entre Campo Verde y Campo Tasajera, Ampliación Petrolera",Ampliación Petrolera,19.486632,-99.200695,colonia,Tradicionales,tradicional,,False
247-providencia,247,Mercado Providencia,Azcapotzalco,"Lucio Blanco, entre Francisco Sarabia y Venustiano Carranza, Providencia",Providencia,19.491848,-99.2118,colonia,Tradicionales,tradicional,,False
250-laminadores,250,Mercado Laminadores,Azcapotzalco,"Mineros Metalúrgicos 292, entre Calle 8, Calle 10 y Fundidores, Trabajadores de Hierro",Trabajadores de Hierro,19.4772,-99.149922,colonia,Tradicionales,tradicional,,False
276-pasteros,276,Mercado Pasteros,Azcapotzalco,"Jacarandas 569, esq. Duraznos, Pasteros",Pasteros,19.494911,-99.195775,colonia,Tradicionales,tradicional,,False
112-postal-anexo,112,Mercado Postal Anexo,Benito Juárez,"Ahorro Postal, entre Castilla y Lérida, Postal",Postal,19.389845,-99.139729,colonia,Especializados,especializado,,False
201-portales-anexo,201,Mercado Portales Anexo,Benito Juárez,"Libertad, entre Juan Escutia y Fernando Montes de Oca, Portales Norte",Portales Norte,19.371401,-99.151912,colonia,Especializados,especializado,,False
27-alamos,27,Mercado Álamos,Benito Juárez,"Simón Bolívar 623, entre Cádiz, Soria y Galicia, Álamos",Álamos,19.399714,-99.140335,colonia,Tradicionales,tradicional,,False
29-lago,29,Mercado Lago,Benito Juárez,"Elisa 337, entre Don Juan, Don Luis y Luisa, Nativitas",Nativitas,19.256445,-99.089768,colonia,Tradicionales,tradicional,,False
30-portales-zona,30,Mercado Portales Zona,Benito Juárez,"Calzada Santa Cruz, entre 5 de Febrero, Juan Escutia y Libertad, Portales Norte",Portales Norte,19.36996,-99.152436,colonia,Tradicionales,tradicional,,False
47-veinticuatro-de-agosto,47,Mercado Veinticuatro de Agosto,Benito Juárez,"Anaxágoras, entre Luz Saviñón y Torres Adalid , Narvarte Poniente",Narvarte Poniente,19.392032,-99.156858,colonia,Tradicionales,tradicional,,False
49-primero-de-diciembre,49,Mercado Primero de Diciembre,Benito Juárez,"Uxmal 51, Narvarte Poniente",Narvarte Poniente,19.392567,-99.157888,colonia,Tradicionales,tradicional,,False
59-la-moderna,59,Mercado La Moderna,Benito Juárez,"Jesús Urueta 650, , Moderna",Moderna,19.394422,-99.134286,colonia,Tradicionales,tradicional,,False
76-mixcoac,76,Mercado Mixcoac,Benito Juárez,"Revolución, entre Tiziano, Molinos y Miguel Ángel, Mixcoac",Mixcoac,19.375128,-99.189421,colonia,Tradicionales,tradicional,,False
90-lazaro-cardenas-del-valle,90,Mercado Lázaro Cárdenas (Del Valle),Benito Juárez,"Pedro Romero de Terreros, entre Adolfo Prieto, Mier y Pesado, Coyoacán y Xola, Del Valle Centro",Del Valle Centro,19.384963,-99.169042,colonia,Tradicionales,tradicional,,False
97-san-pedro-de-los-pinos,97,Mercado San Pedro de los Pinos,Benito Juárez,"Avenida 2, entre Calle 7, Calle 9 y Avenida 3, San Pedro de los Pinos",San Pedro de los Pinos,19.391466,-99.183996,colonia,Tradicionales,tradicional,,False
111-postal-zona,111,Mercado Postal Zona,Benito Juárez,"Ahorro Postal 650, entre Castilla, Tuy y Almería, Postal",Postal,19.389953,-99.139684,colonia,Tradicionales,tradicional,,False
113-independencia,113,Mercado Independencia,Benito Juárez,"Ángel Urraza 179, esq. Zempoala, Independencia",Independencia,19.381483,-99.149838,colonia,Tradicionales,tradicional,,False
119-santa-maria-nativitas,119,Mercado Santa María Nativitas,Benito Juárez,"Eje Central, Lázaro Cárdenas, entre Torres Adalid y Privada Juan Montes de Oca, Niños Héroes de Chapultepec",Niños Héroes de Chapultepec,19.385686,-99.144841,aproximada,Tradicionales,tradicional,plantas,False
122-tlacoquemecatl,122,Mercado Tlacoquemécatl,Benito Juárez,"Miguel Laurent 75, entre San Francisco y Patricio Sáenz, Del Valle Centro",Del Valle Centro,19.385137,-99.170242,colonia,Tradicionales,tradicional,,False
175-santa-cruz-atoyac,175,Mercado Santa Cruz Atoyac,Benito Juárez,"Cuauhtémoc 1314, esq. Callejón de la Misericordia, Santa Cruz Atoyac",Santa Cruz Atoyac,19.370917,-99.162319,colonia,Tradicionales,tradicional,,False
414-artesanal-mexicano,414,Mercado Artesanal Mexicano (Coyoacán),Coyoacán,"Felipe Carrillo Puerto 25, Coyoacán, 04000 CDMX",Villa Coyoacán,19.3497,-99.1626,punto,Especializados,especializado,artesanías,True
89-coyoacan,89,Mercado Coyoacán,Coyoacán,"Xicoténcatl, entre Malitzin y Allende, Del Carmen",Del Carmen,19.3503,-99.1636,punto,Tradicionales,tradicional,,False
130-prado-churubusco,130,Mercado Prado Churubusco,Coyoacán,"Osa Menor, entre Orión y Pegaso, Prado Churubusco",Prado Churubusco,19.354651,-99.127216,colonia,Tradicionales,tradicional,,False
154-santa-ursula-coapa-pescaditos,154,Mercado Santa Úrsula Coapa (Pescaditos),Coyoacán,"San Gonzalo Mz. 933 Lt. 2, entre San Benjamín y San Cástulo, Pedregal de Santa Úrsula",Pedregal de Santa Úrsula,19.313325,-99.153498,colonia,Tradicionales,tradicional,pescados y mariscos,False
155-el-reloj,155,Mercado El Reloj,Coyoacán,"Cerrada 3 Cáliz, entre Primavera y Cda. de Cáliz, El Reloj",El Reloj,19.317811,-99.140452,colonia,Tradicionales,tradicional,,False
157-xotepingo,157,Mercado Xotepingo,Coyoacán,"Las Rosas, esq. Noche Buena, Ciudad Jardín",Ciudad Jardín,19.341249,-99.14283,colonia,Tradicionales,tradicional,,False
171-churubusco,171,Mercado Churubusco,Coyoacán,"Mártires Irlandeses y Juan Aguilar, entre López y Paz Montes de Oca, San Diego Churubusco",San Diego Churubusco,19.350501,-99.146834,colonia,Tradicionales,tradicional,,False
180-avante,180,Mercado Avante,Coyoacán,"Avenida del Parque, esq. Retorno 50, Avante",Avante,19.33093,-99.133691,colonia,Tradicionales,tradicional,,False
199-adolfo-ruiz-cortines-la-cruz,199,Mercado Adolfo Ruiz Cortines (La Cruz),Coyoacán,"Tepetlapa, entre Canazoc y Tepepehu, Adolfo Ruiz Cortines",Adolfo Ruiz Cortines,19.321398,-99.147466,colonia,Tradicionales,tradicional,,False
229-ajusco-montserrat-la-bola,229,Mercado Ajusco Montserrat (La Bola),Coyoacán,"Totonacas esq. Reina Ixtlilxóchitl, Ajusco",Ajusco,19.312326,-99.164013,colonia,Tradicionales,tradicional,,False
236-san-francisco-culhuacan,236,Mercado San Francisco Culhuacán,Coyoacán,"Heroica Escuela Naval Militar 51, entre Av. Taxqueña y Ejido San Antonio Tomatlán, Ex-Ejido de San Francisco Culhuacán",Ex-Ejido de San Francisco Culhuacán,19.335711,-99.124562,colonia,Tradicionales,tradicional,,False
237-ajusco-moctezuma,237,Mercado Ajusco Moctezuma,Coyoacán,"Coras y Nezahualpilli, entre Moctezuma y San Guillermo, Ajusco",Ajusco,19.312488,-99.164011,colonia,Tradicionales,tradicional,,False
259-educacion-petrolera,259,Mercado Educación Petrolera,Coyoacán,"Avenida 3, esq. Avenida 5, Educación Petrolera",Educación Petrolera,19.338214,-99.128462,aproximada,Tradicionales,tradicional,,False
300-los-reyes-coyoacan,300,Mercado Los Reyes Coyoacán,Coyoacán,"Basalto, esq. con Cantera, Pedregal de Santo Domingo",Pedregal de Santo Domingo,19.333905,-99.172255,colonia,Tradicionales,tradicional,,False
301-santo-domingo-las-rosas,301,Mercado Santo Domingo las Rosas,Coyoacán,"Papalotl, entre Escuinapa y Canauhtli, Pedregal de Santo Domingo",Pedregal de Santo Domingo,19.333772,-99.171424,colonia,Tradicionales,tradicional,,False
303-carmen-serdan,303,Mercado Carmen Serdán,Coyoacán,"Manuela Medina, entre Hermanas González y Gertrudis Bocanegra, Carmen Serdán",Carmen Serdán,19.319875,-99.108993,colonia,Tradicionales,tradicional,,False
311-margarita-maza-de-juarez,311,Mercado Margarita Maza de Juárez,Coyoacán,"Oriental , entre Tepetlapa y Torre Eiffel, Alianza Popular Revolucionaria",Alianza Popular Revolucionaria,19.315542,-99.11924,colonia,Tradicionales,tradicional,,False
319-emiliano-zapata,319,Mercado Emiliano Zapata,Coyoacán,"Plan de Ayala, esq. Anenecuilco, Emiliano Zapata Fraccionamiento Popular",Emiliano Zapata Fraccionamiento Popular,19.316576,-99.109714,colonia,Tradicionales,tradicional,,False
340-santo-domingo-los-reyes,340,Mercado Santo Domingo los Reyes,Coyoacán,"Zihuatlán 25, entre Pascle y Ahuejote, Pedregal de Santo Domingo",Pedregal de Santo Domingo,19.332381,-99.17155,colonia,Tradicionales,tradicional,,False
347-copilco-el-alto,347,Mercado Copilco el Alto,Coyoacán,"Anacahuitla, esq. Escuinapa, Pedregal de Santo Domingo",Pedregal de Santo Domingo,19.333184,-99.170968,colonia,Tradicionales,tradicional,,False
368-hermosillo,368,Mercado Hermosillo,Coyoacán,"Amacuzac, esq. Cerro Quinceo, Hermosillo",Hermosillo,19.349257,-99.128584,colonia,Tradicionales,tradicional,,False
412-el-verde,412,Mercado El Verde,Coyoacán,"Rosario Castellanos, esq. Dolores Guerrero, Culhuacán CTM Sección IX-A",Culhuacán CTM Sección IX-A,19.308898,-99.102553,colonia,Tradicionales,tradicional,,False
37-cuajimalpa,37,Mercado Cuajimalpa,Cuajimalpa de Morelos,"Veracruz, esq. Melchor Ocampo, Cuajimalpa",Cuajimalpa,19.357573,-99.292413,colonia,Tradicionales,tradicional,,False
258-san-mateo-tlaltenango,258,Mercado San Mateo Tlaltenango,Cuajimalpa de Morelos,"Mina, esq. Cerrada de Mina, San Miguel Tlaltenango",San Miguel Tlaltenango,19.342721,-99.283487,colonia,Tradicionales,tradicional,,False
262-rosa-torres,262,Mercado Rosa Torres,Cuajimalpa de Morelos,"San José de los Cedros, esq, Sauce, San José́ de los Cedros",San José́ de los Cedros,19.368209,-99.288015,colonia,Tradicionales,tradicional,,False
378-huizachito,378,Mercado Huizachito,Cuajimalpa de Morelos,"Camino a Huizachito, entre Noche de Paz y Echanove, Huizachito la Palma",Huizachito la Palma,19.363702,-99.284753,colonia,Tradicionales,tradicional,,False
394-contadero,394,Mercado Contadero,Cuajimalpa de Morelos,"16 de Septiembre, entre Veracruz y Arteaga Salazar, Contadero",Contadero,19.347639,-99.300877,colonia,Tradicionales,tradicional,,False
1-lagunilla-ropa-y-telas,1,Mercado Lagunilla Ropa y Telas,Cuauhtémoc,"Comonfort, entre Ecuador y Allende, Centro",Centro,19.43809,-99.138977,aproximada,Especializados,especializado,ropa y calzado,False
3-lagunilla-varios,3,Mercado Lagunilla Varios,Cuauhtémoc,"Allende, esq. Juan Álvarez, Centro",Centro,19.437639,-99.136754,aproximada,Especializados,especializado,,False
4-lagunilla-san-camilito,4,Mercado Lagunilla San Camilito,Cuauhtémoc,"Ecuador, entre Honduras y San Camilito, Centro",Centro,19.428566,-99.144892,aproximada,Especializados,especializado,,False
5-martinez-de-la-torre-anexo,5,Mercado Martínez de la Torre (Anexo),Cuauhtémoc,"Eje 1 Norte Mosqueta, entre Zarco y Héroes, Guerrero",Guerrero,19.445434,-99.14362,colonia,Especializados,especializado,,False
23-tepito-fierros-viejos,23,Mercado Tepito Fierros Viejos,Cuauhtémoc,"Tenochtitlán, entre Matamoros y Toltecas, Morelos",Morelos,19.448968,-99.130432,colonia,Especializados,especializado,ropa y calzado,False
36-tepito-varios,36,Mercado Tepito Varios,Cuauhtémoc,"Matamoros, entre Toltecas y Rivero, Morelos",Morelos,19.448989,-99.130745,colonia,Especializados,especializado,ropa y calzado,False
60-tepito-ropa-y-telas-granaditas,60,Mercado Tepito Ropa y Telas (Granaditas),Cuauhtémoc,"Eje 1 Norte y Aztecas, entre Argentina y Costa Rica, Morelos",Morelos,19.448872,-99.131311,colonia,Especializados,especializado,ropa y calzado,False
66-pequeno-comercio,66,Mercado Pequeño Comercio,Cuauhtémoc,"5 de Febrero # 161, esq. Diagonal 20 de Noviembre, Obrera",Obrera,19.417109,-99.139205,colonia,Especializados,especializado,,False
83-abelardo-l-rodriguez-coronas,83,Mercado Abelardo L. Rodríguez (Coronas),Cuauhtémoc,"Rodríguez Puebla, entre Colombia y Callejón de Girón, Centro",Centro,19.429223,-99.138318,aproximada,Especializados,especializado,,False
91-hidalgo-anexo,91,Mercado Hidalgo (Anexo),Cuauhtémoc,"Dr. Barragán, entre Dr. Balmis y Dr. Olvera, Doctores",Doctores,19.415625,-99.151301,colonia,Especializados,especializado,,False
108-merced-mixcalco,108,Mercado Merced Mixcalco,Cuauhtémoc,"Circunvalación, entre Mixcalco y Guatemala, Centro",Centro,19.4318,-99.1258,punto,Especializados,especializado,abasto general,False
110-san-joaquin-anexo,110,Mercado San Joaquín (Anexo),Cuauhtémoc,"Ernesto Elorduy, entre Schubert y Lizt, Peralvillo",Peralvillo,19.459783,-99.132562,colonia,Especializados,especializado,,False
363-pasaje-chapultepec,363,Mercado Pasaje Chapultepec,Cuauhtémoc,"Paseo de la Reforma, esq. Lieja, Cuauhtémoc",Cuauhtémoc,19.430833,-99.169926,colonia,Especializados,especializado,,False
16-abelardo-l-rodriguez-zona,16,Mercado Abelardo L. Rodríguez,Cuauhtémoc,"República de Venezuela 72, Centro Histórico, Cuauhtémoc, 06010 CDMX",Centro,19.4368,-99.1298,punto,Tradicional Y Turístico,tradicional|turístico,abasto general|comida|arte,True
13-insurgentes,13,Mercado Insurgentes,Cuauhtémoc,"Londres 154, entre Amberes y Florencia, Juárez",Juárez,19.425,-99.164,punto,Tradicional Y Turístico,tradicional|turístico,,False
74-palacio-de-las-flores,74,Mercado Palacio de las Flores,Cuauhtémoc,"Luis Moya, esq. Ernesto Pugibet, Centro",Centro,19.4292,-99.1442,punto,Tradicional Y Turístico,tradicional|turístico,flores,False
86-san-juan-curiosidades,86,Mercado San Juan Curiosidades y Artesanías,Cuauhtémoc,"Ayuntamiento s/n, Centro Histórico, Cuauhtémoc, 06000 CDMX",Centro,19.4301,-99.1446,punto,Tradicional Y Turístico,tradicional|turístico,artesanías,True
2-lagunilla-zona,2,Mercado Lagunilla (Zona),Cuauhtémoc,"Comonfort, esq. Rayón, Centro",Centro,19.428718,-99.137908,aproximada,Tradicionales,tradicional,,False
6-san-cosme,6,Mercado San Cosme,Cuauhtémoc,"Ribera de San Cosme y Gabino Barreda, entre Altamirano y García Icazbaleta., San Rafael",San Rafael,19.438135,-99.161639,colonia,Tradicionales,tradicional,,False
7-martinez-de-la-torre-zona,7,Mercado Martínez de la Torre (Zona),Cuauhtémoc,"Eje 1 Norte Mosqueta, entre Zarco y Soto, Guerrero",Guerrero,19.445964,-99.143013,colonia,Tradicionales,tradicional,,False
8-juarez,8,Mercado Juárez,Cuauhtémoc,"Chapultepec, entre Turín y Abraham González, Juárez",Juárez,19.425931,-99.164219,colonia,Tradicionales,tradicional,,False
9-san-lucas,9,Mercado San Lucas,Cuauhtémoc,"Escuela Médico Militar, entre Callejón del Hormiguero y Callejón de San Miguel, Centro",Centro,19.428098,-99.139603,aproximada,Tradicionales,tradicional,,False
10-dos-de-abril,10,Mercado 2 de Abril,Cuauhtémoc,"Mina 15, Guerrero, Cuauhtémoc, 06300 CDMX",Centro,19.438,-99.1437,punto,Tradicionales,tradicional,abasto general|comida,True
14-tepito-zona,14,Mercado Tepito Zona,Cuauhtémoc,"Toltecas, entre Bartolomé de las Casas y Matamoros, Morelos",Morelos,19.44886,-99.13053,colonia,Tradicionales,tradicional,ropa y calzado,False
17-beethoven,17,Mercado Beethoven,Cuauhtémoc,"Beethoven, entre Adelina Patti y Mozart, Ex-Hipódromo de Peralvillo",Ex-Hipódromo de Peralvillo,19.45732,-99.135167,colonia,Tradicionales,tradicional,,False
18-hidalgo-zona,18,Mercado Hidalgo Zona,Cuauhtémoc,"Dr. Barragán, entre Dr. Balmis y Dr. Arce, Doctores",Doctores,19.415828,-99.149148,colonia,Tradicionales,tradicional,,False
19-la-dalia,19,Mercado La Dalia,Cuauhtémoc,"Fresno 225, entre Manuel Carpio y Eligio Ancona, Santa María la Ribera",Santa María la Ribera,19.450421,-99.160173,colonia,Tradicionales,tradicional,,False
20-melchor-ocampo,20,Mercado Melchor Ocampo (Medellín),Cuauhtémoc,"Campeche 101, Roma Sur, Cuauhtémoc, 06760 CDMX",Roma Sur,19.4088,-99.1643,punto,Tradicionales,tradicional,abasto general|comida|internacional,True
22-san-joaquin-zona-peralvillo,22,Mercado San Joaquín Zona (Peralvillo),Cuauhtémoc,"Ernesto Elorduy, entre Lizt y Schubert, Peralvillo",Peralvillo,19.461453,-99.132499,colonia,Tradicionales,tradicional,,False
24-morelia,24,Mercado Morelia,Cuauhtémoc,"Dr. Vertiz, esq. Federico Gómez Santos, Doctores",Doctores,19.4145,-99.150546,colonia,Tradicionales,tradicional,,False
28-bugambilia,28,Mercado Bugambilia,Cuauhtémoc,"Bugambilia, entre Mariano Azuela y Flores Magón, Santa María la Ribera",Santa María la Ribera,19.449668,-99.160327,colonia,Tradicionales,tradicional,,False
77-san-juan-ernesto-pugibet,77,Mercado de San Juan (Ernesto Pugibet),Cuauhtémoc,"Ernesto Pugibet 21, Centro Histórico, Cuauhtémoc, 06000 CDMX",Centro,19.4295,-99.1437,punto,Tradicionales,tradicional,gourmet|comida|pescados y mariscos,True
78-san-juan-arcos-de-belem,78,Mercado San Juan Arcos de Belem,Cuauhtémoc,"Arcos de Belén, entre Eje Central y López, Centro",Centro,19.436355,-99.145382,aproximada,Tradicionales,tradicional,,False
96-isabel-la-catolica,96,Mercado Isabel la Católica,Cuauhtémoc,"Isabel la Católica, entre Hernández Dávalos y Eje 3 Sur Peón Contreras, Algarín",Algarín,19.403536,-99.138884,colonia,Tradicionales,tradicional,,False
98-cuauhtemoc,98,Mercado Cuauhtémoc,Cuauhtémoc,"Río Lerma, entre Río Tigris y Río Danubio, Cuauhtémoc",Cuauhtémoc,19.43113,-99.170173,colonia,Tradicionales,tradicional,,False
114-francisco-sarabia,114,Mercado Francisco Sarabia,Cuauhtémoc,"Mascagni, entre Rossini y Bach, Ex-Hipódromo de Peralvillo",Ex-Hipódromo de Peralvillo,19.457618,-99.134433,colonia,Tradicionales,tradicional,,False
153-michoacan,153,Mercado Michoacán,Cuauhtémoc,"Tamaulipas y Michoacán, entre Vicente Suárez y Atlixco, Hipódromo Condesa",Hipódromo Condesa,19.408478,-99.180876,colonia,Tradicionales,tradicional,,False
216-paulino-navarro,216,Mercado Paulino Navarro,Cuauhtémoc,"Calzada de la Viga, esq. Avenida del Taller, Paulino Navarro",Paulino Navarro,19.411068,-99.129404,colonia,Tradicionales,tradicional,,False
158-colima,158,Mercado Colima,Cuauhtémoc,"Colima 397, Roma Norte",Roma Norte,19.41934,-99.162345,colonia,Tradicionales,tradicional,,False
81-villa-comidas-viejo,81,Mercado Villa Comidas (Viejo),Gustavo A. Madero,"5 de Febrero, entre Federico Campos y General Pedro María Anaya, Villa",Villa,19.481641,-99.114626,colonia,Especializados,especializado,comida,False
302-veinticinco-de-julio,302,Mercado Veinticinco de Julio,Gustavo A. Madero,"Ejido, entre Gran Canal y Emiliano Zapata, 25 de Julio",25 de Julio,19.495183,-99.080432,colonia,Especializados,especializado,,False
330-maria-esther-zuno-de-echeverria,330,Mercado María Esther Zuno de Echeverría,Gustavo A. Madero,"Aquiles Serdán, esq. Fray Juan de Zumárraga, Villa",Villa,19.48415,-99.115377,colonia,Especializados,especializado,,False
34-villa-zona,34,Mercado Villa Zona (La Villa),Gustavo A. Madero,"Calzada de los Misterios s/n, Villa, Gustavo A. Madero, 07050 CDMX",Villa,19.4843,-99.1172,punto,Tradicionales,tradicional,abasto general|comida|religioso,True
45-ramon-corona,45,Mercado Ramón Corona,Gustavo A. Madero,"Constancia, entre Río Blanco y Necaxa, Industrial",Industrial,19.47642,-99.125987,colonia,Tradicionales,tradicional,,False
50-carrera-lardizabal,50,Mercado Carrera Lardizábal,Gustavo A. Madero,"Luis de la Rosa, esq. León Guzmán, Constitución de la República",Constitución de la República,19.48303,-99.103919,colonia,Tradicionales,tradicional,,False
53-rio-blanco,53,Mercado Río Blanco,Gustavo A. Madero,"Congreso de la Unión s/n, Mártires de Río Blanco, Gustavo A. Madero, 07880 CDMX",Mártires de Río Blanco,19.474,-99.1113,punto,Tradicionales,tradicional,abasto general|comida,True
54-estrella,54,Mercado Estrella,Gustavo A. Madero,"Joyas, entre Ópalo y Escuela, Estrella",Estrella,19.476049,-99.115867,colonia,Tradicionales,tradicional,,False
56-diez-de-mayo,56,Mercado Diez de Mayo,Gustavo A. Madero,"Norte 84, entre Oriente 87 y Oriente 89, Nueva Tenochtitlán",Nueva Tenochtitlán,19.456561,-99.101284,colonia,Tradicionales,tradicional,,False
57-emiliano-zapata,57,Mercado Emiliano Zapata,Gustavo A. Madero,"Oriente 95, esq. Norte 60, Emiliano Zapata",Emiliano Zapata,19.463591,-99.11927,colonia,Tradicionales,tradicional,,False
58-gertrudis-sanchez,58,Mercado Gertrudis Sánchez,Gustavo A. Madero,"Norte 82 B y Henry Ford, entre Norte 84 y Norte 82, Gertrudis Sánchez 2da Sección",Gertrudis Sánchez 2da Sección,19.459723,-99.099614,colonia,Tradicionales,tradicional,,False
62-salvador-diaz-miron,62,Mercado Salvador Díaz Mirón,Gustavo A. Madero,"Norte 66 A, entre Oriente 155 y Norte 66, Salvador Díaz Mirón",Salvador Díaz Mirón,19.488024,-99.099132,colonia,Tradicionales,tradicional,,False
69-gabriel-hernandez,69,Mercado Gabriel Hernández,Gustavo A. Madero,"Centenario, esq. Cerrito, Gabriel Hernández",Gabriel Hernández,19.503244,-99.09774,colonia,Tradicionales,tradicional,,False
70-vasco-de-quiroga,70,Mercado Vasco de Quiroga,Gustavo A. Madero,"Bartolomé de Olmedo, esq. Fray Juan de Padilla, Vasco de Quiroga",Vasco de Quiroga,19.492149,-99.093733,colonia,Tradicionales,tradicional,,False
71-tres-estrellas,71,Mercado Tres Estrellas,Gustavo A. Madero,"Oniquina, esq. Tesoro, Tres Estrellas",Tres Estrellas,19.470629,-99.11236,colonia,Tradicionales,tradicional,,False
73-progreso-nacional,73,Mercado Progreso Nacional,Gustavo A. Madero,"Calle 28, entre Calle 11 y Calle 12, Progreso Nacional",Progreso Nacional,19.516273,-99.161358,colonia,Tradicionales,tradicional,,False
116-ampliacion-casas-aleman,116,Mercado Ampliación Casas Alemán,Gustavo A. Madero,"Puerto Tampico y Puerto Acapulco, Ampliación Casas Alemán",Ampliación Casas Alemán,19.481009,-99.089154,colonia,Tradicionales,tradicional,,False
117-martin-carrera,117,Mercado Martín Carrera,Gustavo A. Madero,"Vicente Guerrero, esq. José Joaquín de Herrera, Martín Carrera",Martín Carrera,19.488169,-99.10893,colonia,Tradicionales,tradicional,,False
121-san-juan-de-aragon-unidad-1,121,Mercado San Juan de Aragón Unidad 1,Gustavo A. Madero,"Avenida 517, esq. Calle 521, San Juan de Aragón I sección",San Juan de Aragón I sección,19.455468,-99.084722,colonia,Tradicionales,tradicional,,False
123-vicente-guerrero-nueva-atzacoalco,123,Mercado Vicente Guerrero (Nueva Atzacoalco),Gustavo A. Madero,"Calle 314, entre Calle 311 y Calle 313, Nueva Atzacoalco",Nueva Atzacoalco,19.488356,-99.090186,colonia,Tradicionales,tradicional,,False
127-maximino-avila-camacho,127,Mercado Maximino Ávila Camacho,Gustavo A. Madero,"Poniente 112, entre Norte 1 B y Norte 1 C, Maximino Ávila Camacho",Maximino Ávila Camacho,19.476496,-99.135242,colonia,Tradicionales,tradicional,,False
136-providencia,136,Mercado Providencia,Gustavo A. Madero,"Zacatecas, entre Morelos y Oaxaca, Providencia",Providencia,19.480253,-99.070095,colonia,Tradicionales,tradicional,,False
145-panamericana,145,Mercado Panamericana,Gustavo A. Madero,"Poniente 122, esq. Norte 9, Panamericana",Panamericana,19.479086,-99.142902,colonia,Tradicionales,tradicional,,False
156-fernando-casas-aleman,156,Mercado Fernando Casas Alemán,Gustavo A. Madero,"Rublos, entre Cairo y Pesetas, Héroes de Cerro Prieto",Héroes de Cerro Prieto,19.451705,-99.09784,colonia,Tradicionales,tradicional,,False
160-juan-gonzalez-romero,160,Mercado Juan González Romero,Gustavo A. Madero,"Avenida de las Flores y Gloria, entre Madre Selva y Alcatraz, Juan González Romero",Juan González Romero,19.506276,-99.09116,colonia,Tradicionales,tradicional,,False
161-bondojito,161,Mercado Bondojito,Gustavo A. Madero,"Henry Ford, esq. Norte 72 A, Bondojito",Bondojito,19.467132,-99.105488,colonia,Tradicionales,tradicional,,False
164-santa-rosa,164,Mercado Santa Rosa,Gustavo A. Madero,"Calle 26 A, entre Calz. Vallejo y Avenida 1 A, Santa Rosa",Santa Rosa,19.52516,-99.170717,colonia,Tradicionales,tradicional,,False
176-santa-maria-ticoman,176,Mercado Santa María Ticomán,Gustavo A. Madero,"Avenida 21 de Marzo, esq. Calle 1810, Barrio la Laguna Ticomán",Barrio la Laguna Ticomán,19.510066,-99.128975,colonia,Tradicionales,tradicional,,False
185-pueblo-de-san-juan-de-aragon,185,Mercado Pueblo de San Juan de Aragón,Gustavo A. Madero,"Río Guadalupe, entre Jardín Revolución y José María Morelos, Pueblo San Juan de Aragón",Pueblo San Juan de Aragón,19.474605,-99.087335,colonia,Tradicionales,tradicional,,False
188-san-bartolo-atepehuacan,188,Mercado San Bartolo Atepehuacán,Gustavo A. Madero,"Montevideo 500, entre Loma y Mandujano, San Bartolo Atepehuacán",San Bartolo Atepehuacán,19.495172,-99.144798,colonia,Tradicionales,tradicional,,False
189-san-pedro-zacatenco,189,Mercado San Pedro Zacatenco,Gustavo A. Madero,"La Rioja, entre Manizales y Ramiriquí, San Pedro Zacatenco",San Pedro Zacatenco,19.508024,-99.120436,colonia,Tradicionales,tradicional,,False
193-magdalena-de-las-salinas-nueva-vallejo,193,Mercado Magdalena de las Salinas (Nueva Vallejo),Gustavo A. Madero,"Poniente 122, entre Norte 19 A, Norte 21 y Poniente 126, Nueva Vallejo",Nueva Vallejo,19.493008,-99.14991,colonia,Tradicionales,tradicional,,False
204-san-juan-de-aragon-unidad-7,204,Mercado San Juan de Aragón Unidad 7,Gustavo A. Madero,"Avenida 414, esq. Avenida 483, San Juan de Aragón VII Sección",San Juan de Aragón VII Sección,19.467669,-99.076858,colonia,Tradicionales,tradicional,,False
205-san-felipe-de-jesus,205,Mercado San Felipe De Jesús,Gustavo A. Madero,"Hidalgo, entre Tamazula y Apatzingán, San Felipe de Jesús",San Felipe de Jesús,19.495163,-99.075343,colonia,Tradicionales,tradicional,,False
218-san-juan-de-aragon-unidad-2,218,Mercado San Juan de Aragón Unidad 2,Gustavo A. Madero,"Avenida 506, entre Calle 553 y Calle 549, San Juan de Aragón II sección",San Juan de Aragón II sección,19.453285,-99.084909,colonia,Tradicionales,tradicional,,False
219-san-juan-de-aragon-unidad-3,219,Mercado San Juan de Aragón Unidad 3,Gustavo A. Madero,"Avenida 606, entre Calle 597 y Calle 595, San Juan de Aragón III Sección",San Juan de Aragón III Sección,19.452306,-99.070379,colonia,Tradicionales,tradicional,,False
221-santa-isabel-tola,221,Mercado Santa Isabel Tola,Gustavo A. Madero,"Cuauhtémoc, esq. Cacama, Santa Isabel Tola",Santa Isabel Tola,19.496143,-99.113786,colonia,Tradicionales,tradicional,,False
242-pradera,242,Mercado Pradera,Gustavo A. Madero,"Malinche, entre Monte de las Cruces y Popocatépetl, La Pradera",La Pradera,19.475076,-99.066584,colonia,Tradicionales,tradicional,,False
272-campestre-aragon,272,Mercado Campestre Aragón,Gustavo A. Madero,"Campestre, entre Aragón y Camino Parque Central, Campestre Aragón",Campestre Aragón,19.487824,-99.078986,colonia,Tradicionales,tradicional,,False
277-ampliacion-gabriel-hernandez,277,Mercado Ampliación Gabriel Hernández,Gustavo A. Madero,"Eva Sámano de López Mateos, esq. Rodolfo Méndez, Ampliación Gabriel Hernández",Ampliación Gabriel Hernández,19.501824,-99.099617,colonia,Tradicionales,tradicional,,False
329-san-pedro-el-chico,329,Mercado San Pedro el Chico,Gustavo A. Madero,"Talismán, esq. Norte 94, San Pedro el Chico",San Pedro el Chico,19.472343,-99.097329,colonia,Tradicionales,tradicional,,False
335-narciso-bassols,335,Mercado Narciso Bassols,Gustavo A. Madero,"Avenida 699, esq. Con Avenida 602, C.T.M. Aragón",C.T.M. Aragón,19.453227,-99.057714,colonia,Tradicionales,tradicional,,False
336-san-juan-de-aragon-unidad-4-y-5,336,Mercado San Juan de Aragón Unidad 4 y 5,Gustavo A. Madero,"Calle 625, entre 2da Cerrada de Calle 625 y Calle 633, San Juan de Aragón IV y V sección",San Juan de Aragón IV y V sección,19.449001,-99.061891,colonia,Tradicionales,tradicional,,False
338-cuchilla-del-tesoro,338,Mercado Cuchilla del Tesoro,Gustavo A. Madero,"Cuchilla del Tesoro, esq. Av. Del Parque, Cuchilla del Tesoro",Cuchilla del Tesoro,19.44791,-99.058034,colonia,Tradicionales,tradicional,,False
339-chalma-de-guadalupe,339,Mercado Chalma de Guadalupe,Gustavo A. Madero,"San Miguel Chalma Mz. 53, Lt. 8, esq. Estado de México, Chalma de Guadalupe",Chalma de Guadalupe,19.556765,-99.150388,colonia,Tradicionales,tradicional,,False
339-san-juan-de-aragon-unidad-6,339,Mercado San Juan de Aragón Unidad 6,Gustavo A. Madero,"Avenida 414 A, entre Calle 1525 y Calle 1527, San Juan de Aragón VI Sección",San Juan de Aragón VI Sección,19.466322,-99.066896,colonia,Tradicionales,tradicional,,False
341-carmen-reyes,341,Mercado Carmen Reyes,Gustavo A. Madero,"Juventino Rosas Mz. 27, Lt. 35, entre Mauricio Gómez y Darío Fernández, Cuautepec el Alto",Cuautepec el Alto,19.559852,-99.13594,colonia,Tradicionales,tradicional,,False
354-primero-de-septiembre,354,Mercado Primero de Septiembre,Gustavo A. Madero,"Paganini, entre Clave y Puccini, Vallejo",Vallejo,19.475958,-99.131914,colonia,Tradicionales,tradicional,,False
365-24-de-septiembre,365,Mercado 24 de Septiembre,Gustavo A. Madero,"Fornio, entre Tulla y Piracanto, La Pradera",La Pradera,19.475068,-99.068024,colonia,Tradicionales,tradicional,,False
366-alfredo-robles-dominguez,366,Mercado Alfredo Robles Domínguez,Gustavo A. Madero,"Alfredo Robles Domínguez, esq. Insurgentes Norte, Guadalupe Insurgentes",Guadalupe Insurgentes,19.47543,-99.132271,colonia,Tradicionales,tradicional,,False
404-cuatro-de-febrero,404,Mercado Cuatro de Febrero,Gustavo A. Madero,"Rodolfo Méndez, esq. Periférico, Ampliación Gabriel Hernández",Ampliación Gabriel Hernández,19.502678,-99.099818,colonia,Tradicionales,tradicional,,False
405-cuautepec,405,Mercado Cuautepec,Gustavo A. Madero,"Francisco Villa, entre 5 de Mayo y 18 de Marzo, Cuautepec Barrio Bajo",Cuautepec Barrio Bajo,19.559878,-99.135978,colonia,Tradicionales,tradicional,,False
410-ferroplaza,410,Mercado Ferroplaza,Gustavo A. Madero,"Alberto Herrera, entre 5 de Febrero y Juan Bernardino , Aragón la Villa",Aragón la Villa,19.481786,-99.116155,colonia,Tradicionales,tradicional,,False
366-1-lindavista-vallejo-patera,366-1,Mercado Lindavista Vallejo Patera,Gustavo A. Madero,"Poniente 152, entre Av. De Los 100 Metros y Vallejo, Lindavista Vallejo",Lindavista Vallejo,19.500475,-99.152916,colonia,Tradicionales,tradicional,,False
332-leona-vicario,332,Mercado Leona Vicario,Iztacalco,"Añil 151 (Lt. 3, Mz. A), Granjas México",Granjas México,19.402659,-99.104029,colonia,Especializados,especializado,,False
38-iztacalco,38,Mercado Iztacalco,Iztacalco,"Calzada de la Viga, entre Tezontle y Jardín Hidalgo, Barrio la Asunción",Barrio la Asunción,19.390967,-99.12075,colonia,Tradicionales,tradicional,,False
87-agricola-oriental,87,Mercado Agrícola Oriental,Iztacalco,"Sur 16, esq. Oriente 237, Agrícola Oriental",Agrícola Oriental,19.403338,-99.067992,colonia,Tradicionales,tradicional,,False
109-militar-marte,109,Mercado Militar Marte,Iztacalco,"Playa Azul, esq. Playa Tabachines, Militar Marte",Militar Marte,19.38086,-99.123032,colonia,Tradicionales,tradicional,,False
118-pantitlan-calle-4,118,Mercado Pantitlán Calle 4,Iztacalco,"Calle 4, entre Av. Norte y Priv. de la Escuela, Agrícola Pantitlán",Agrícola Pantitlán,19.403458,-99.065268,colonia,Tradicionales,tradicional,,False
134-juventino-rosas,134,Mercado Juventino Rosas,Iztacalco,"Avenida del Recreo, entre Sur 117 y Sur 117 A, Juventino Rosas",Juventino Rosas,19.393483,-99.113863,colonia,Tradicionales,tradicional,,False
135-bramadero,135,Mercado Bramadero,Iztacalco,"Sur 163, entre Oriente 108 y Oriente 110, Gabriel Ramos Millán",Gabriel Ramos Millán,19.396393,-99.09972,colonia,Tradicionales,tradicional,,False
139-tlacotal,139,Mercado Tlacotal,Iztacalco,"Oriente 100, entre Sur 125 y Avenida 5, Gabriel Ramos Millán",Gabriel Ramos Millán,19.394699,-99.100357,colonia,Tradicionales,tradicional,,False
147-la-cruz,147,Mercado La Cruz,Iztacalco,"Calzada Coyuya, esq. Hidalgo, La Cruz",La Cruz,19.405369,-99.114439,colonia,Tradicionales,tradicional,,False
198-veinticuatro-de-diciembre,198,Mercado Veinticuatro de Diciembre,Iztacalco,"Calle 7, entre Puebla y Priv. del Valle, Agrícola Pantitlán",Agrícola Pantitlán,19.404124,-99.064424,colonia,Tradicionales,tradicional,,False
202-santa-anita,202,Mercado Santa Anita,Iztacalco,"Andrés Molina Enríquez, entre Santa Anita y Plutarco Elías Calles, Viaducto Piedad",Viaducto Piedad,19.399392,-99.126278,colonia,Tradicionales,tradicional,,False
206-apatlaco,206,Mercado Apatlaco,Iztacalco,"Apatlaco, entre Galeana y La Viga, Campamento 2 de Octubre",Campamento 2 de Octubre,19.384979,-99.11254,colonia,Tradicionales,tradicional,,False
212-leandro-valle,212,Mercado Leandro Valle,Iztacalco,"Oriente 253, entre Sur 20 y Sur 22, Ampliación Agrícola Oriental",Ampliación Agrícola Oriental,19.403641,-99.068953,colonia,Tradicionales,tradicional,,False
255-el-rodeo,255,Mercado El Rodeo,Iztacalco,"Ernesto P. Uruchurtu, entre Calle 28 y Calle 30, El Rodeo",El Rodeo,19.391491,-99.087006,colonia,Tradicionales,tradicional,,False
331-rio-frio,331,Mercado Río Frío,Iztacalco,"Oriente 110, entre Oriente 112, Sur 177 y Sur 183, Gabriel Ramos Millán Sección Bramadero",Gabriel Ramos Millán Sección Bramadero,19.394451,-99.098059,colonia,Tradicionales,tradicional,,False
334-ejidos-de-la-magdalena-mixi-uhca,334,Mercado Ejidos de la Magdalena Mixi- uhca,Iztacalco,"Hortaliza y Trigo, entre The y Oriente 106, Ex-Ejido de la Magdalena Mixiuhca",Ex-Ejido de la Magdalena Mixiuhca,19.39513,-99.087185,colonia,Tradicionales,tradicional,,False
343-emiliano-zapata,343,Mercado Emiliano Zapata,Iztacalco,"Emiliano Zapata 163, entre Cerrada Juárez y Eje 2 Oriente H. Congreso de la Unión, Santa Anita",Santa Anita,19.40055,-99.120026,colonia,Tradicionales,tradicional,,False
344-carlos-zapata-vela,344,Mercado Carlos Zapata Vela,Iztacalco,"Sur 159, entre Canal de Tezontle y Oriente 120, Ampliación Gabriel Ramos Millán",Ampliación Gabriel Ramos Millán,19.39577,-99.09945,colonia,Tradicionales,tradicional,,False
345-san-miguel-iztacalco,345,Mercado San Miguel Iztacalco,Iztacalco,"Eje 3 Ote. Fco. del Paso y Troncoso y Julio García, entre Recreo y Bustamante, Barrio San Miguel",Barrio San Miguel,19.390723,-99.114979,colonia,Tradicionales,tradicional,,False
352-jose-lopez-portillo,352,Mercado José López Portillo,Iztacalco,"Central, entre Av. Norte y Eje Uno Norte, Pantitlán",Pantitlán,19.40357,-99.065564,aproximada,Tradicionales,tradicional,,False
39-iztapalapa,39,Mercado Iztapalapa,Iztapalapa,"Ayuntamiento e Hidalgo, entre Cuauhtémoc y Lerdo, Barrio San Pablo",Barrio San Pablo,19.335654,-99.002596,colonia,Tradicionales,tradicional,,False
63-santa-maria-aztahuacan,63,Mercado Santa María Aztahuacán,Iztapalapa,"Palmas 17, entre Ejidos y Primavera, Santa María Aztahuacán",Santa María Aztahuacán,19.359572,-99.033616,colonia,Tradicionales,tradicional,,False
120-san-andres-tetepilco,120,Mercado San Andrés Tetepilco,Iztapalapa,"Huetlaco y Normandía, entre Andrés Molina Enríquez y Emiliano Carranza, San Andrés Tetepilco",San Andrés Tetepilco,19.373339,-99.134394,colonia,Tradicionales,tradicional,,False
128-sector-popular,128,Mercado Sector Popular,Iztapalapa,"Sur 101-A y Alfonso Toro, entre Río Churubusco y Sur 101, Sector Popular",Sector Popular,19.362846,-99.112541,colonia,Tradicionales,tradicional,,False
129-progreso-del-sur,129,Mercado Progreso del Sur,Iztapalapa,"Silos, entre Granjeros y Ganaderos, Progreso del Sur",Progreso del Sur,19.352953,-99.111104,colonia,Tradicionales,tradicional,,False
131-escuadron-201,131,Mercado Escuadrón 201,Iztapalapa,"Rodolfo Usigli, entre José Espinoza Fuentes y Fausto Vega, Escuadrón 201",Escuadrón 201,19.362075,-99.111966,colonia,Tradicionales,tradicional,,False
186-culhuacan,186,Mercado Culhuacán,Iztapalapa,"Tláhuac, esq. Independencia, Pueblo Culhuacán",Pueblo Culhuacán,19.338347,-99.106557,colonia,Tradicionales,tradicional,,False
191-san-juanico,191,Mercado San Juanico,Iztapalapa,"Dibujante, entre San Juanico y Vicente Guerrero, Pueblo San Juanico Nextipac",Pueblo San Juanico Nextipac,19.374257,-99.118641,colonia,Tradicionales,tradicional,,False
200-santa-cruz-meyehualco,200,Mercado Santa Cruz Meyehualco,Iztapalapa,"Calle 55, entre Calle 4 y Calle 6, Pueblo Sta. C. Meyehualco",Pueblo Sta. C. Meyehualco,19.327768,-99.028178,colonia,Tradicionales,tradicional,,False
208-san-lorenzo-xicotencatl,208,Mercado San Lorenzo Xicoténcatl,Iztapalapa,"Zacani y Trinidad, entre Zacani y Justina, Pueblo San Lorenzo Xicoténcatl",Pueblo San Lorenzo Xicoténcatl,19.383677,-99.025491,colonia,Tradicionales,tradicional,,False
213-la-purisima,213,Mercado La Purísima,Iztapalapa,"Hidalgo, esq. Quetzal, Purísima Atlazolpa",Purísima Atlazolpa,19.381955,-99.109272,colonia,Tradicionales,tradicional,,False
223-sifon,223,Mercado Sifón,Iztapalapa,"Rosal, esq. Santa María, Pueblo Magdalena Atlazolpa",Pueblo Magdalena Atlazolpa,19.374278,-99.112255,colonia,Tradicionales,tradicional,,False
226-san-lorenzo-tezonco,226,Mercado San Lorenzo Tezonco,Iztapalapa,"Desposorios y Candelabros, Pueblo San Lorenzo Tezonco",Pueblo San Lorenzo Tezonco,19.313839,-99.065365,colonia,Tradicionales,tradicional,,False
230-juan-de-la-barrera,230,Mercado Juan de la Barrera,Iztapalapa,"Coronel Benito S. Zenea, Juan Escutia",Juan Escutia,19.392157,-99.042678,colonia,Tradicionales,tradicional,,False
239-guadalupe-del-moral,239,Mercado Guadalupe del Moral,Iztapalapa,"Agustín Melgar, entre Hidalgo y Guerrero, Guadalupe del Moral",Guadalupe del Moral,19.3716,-99.07528,colonia,Tradicionales,tradicional,,False
243-constituyentes-de-1917,243,Mercado Constituyentes de 1917,Iztapalapa,"Periférico, Constitución de 1917",Constitución de 1917,19.349655,-99.061044,colonia,Tradicionales,tradicional,,False
246-san-jose-aculco,246,Mercado San José Aculco,Iztapalapa,"Río Churubusco, entre Veracruz y Prol. Ingenieros Electricistas, Pueblo Aculco",Pueblo Aculco,19.375803,-99.111807,colonia,Tradicionales,tradicional,,False
291-francisco-villa,291,Mercado Francisco Villa,Iztapalapa,"Felipe Ángeles y Rodolfo Prieto, Francisco Villa",Francisco Villa,19.34011,-99.054263,colonia,Tradicionales,tradicional,,False
294-jacarandas,294,Mercado Jacarandas,Iztapalapa,"Manlio Fabio Altamirano, entre Guillermo González Camarena y Lic. Luis Cabrera, Jacarandas",Jacarandas,19.344911,-99.051182,colonia,Tradicionales,tradicional,,False
316-veinticuatro-de-febrero,316,Mercado Veinticuatro de Febrero,Iztapalapa,"10 de Agosto de 1860 y 24 de Abril, entre Batalla Paso de Ovejas, Leyes de Reforma",Leyes de Reforma,19.379609,-99.067543,colonia,Tradicionales,tradicional,,False
333-cananea,333,Mercado Cananea,Iztapalapa,"Damiana, entre Guacepil y Acahuatl, El Molino",El Molino,19.344065,-99.066921,colonia,Tradicionales,tradicional,,False
170-turistico-magdalena,170,Mercado Turístico Magdalena,La Magdalena Contreras,"Emilio Carranza, Pueblo la Magdalena",Pueblo la Magdalena,19.300951,-99.246223,colonia,Turísticos - Especializados,especializado|turístico,,False
132-magdalena-contreras-la-loma,132,Mercado Magdalena Contreras (La Loma),La Magdalena Contreras,"José Moreno Salido, entre Providencia y Fresno, Barranca Seca",Barranca Seca,19.304937,-99.2395,colonia,Tradicionales,tradicional,,False
261-tihuatlan,261,Mercado Tihuatlán,La Magdalena Contreras,"Tihuatlán, San Jerónimo Aculco",San Jerónimo Aculco,19.318065,-99.224516,colonia,Tradicionales,tradicional,,False
383-cerro-del-judio,383,Mercado Cerro del Judío,La Magdalena Contreras,"Independencia, esq, San Bernabé, Barros Sierra",Barros Sierra,19.316936,-99.247132,colonia,Tradicionales,tradicional,,False
384-contreras-la-cruz,384,Mercado Contreras la Cruz,La Magdalena Contreras,"Álvaro Obregón, entre Álvaro Obregón y Camino Real los Pollitos, La Concepción",La Concepción,19.303722,-99.235324,colonia,Tradicionales,tradicional,,False
72-anahuac-anexo,72,Mercado Anáhuac (Anexo),Miguel Hidalgo,"Tláloc y Axayácatl, entre Tízoc y Tonantzin, Tlaxpana",Tlaxpana,19.440412,-99.16879,colonia,Especializados,especializado,,False
233-san-isidro-anexo,233,Mercado San Isidro (Anexo),Miguel Hidalgo,"Acueducto, esq. Sierra Santa Rosa, Reforma Social",Reforma Social,19.429357,-99.219799,colonia,Especializados,especializado,,False
11-anahuac-zona,11,Mercado Anáhuac Zona,Miguel Hidalgo,"Tláloc y Axayácatl, entre Nezahualpilli y Tonantzin, Tlaxpana",Tlaxpana,19.439769,-99.167109,colonia,Tradicionales,tradicional,,False
32-tacuba,32,Mercado Tacuba,Miguel Hidalgo,"Calz. México Tacuba, esq. Golfo de México, Tacuba",Tacuba,19.458017,-99.18842,colonia,Tradicionales,tradicional,,False
33-tacubaya,33,Mercado Tacubaya,Miguel Hidalgo,"Héroes de 1810, esq. Becerra, Tacubaya",Tacubaya,19.402111,-99.188684,colonia,Tradicionales,tradicional,,False
55-granada,55,Mercado Granada,Miguel Hidalgo,"Lago Yuriria, esq. Río San Joaquín, Granada",Granada,19.442277,-99.202886,colonia,Tradicionales,tradicional,,False
75-plutarco-elias-calles-el-chorrito,75,Mercado Plutarco Elías Calles (El Chorrito),Miguel Hidalgo,"Melchor Múzquiz y José Ceballos, entre Parque Lira y Cda. Gob. Ignacio Esteva, San Miguel Chapultepec",San Miguel Chapultepec,19.415387,-99.183182,colonia,Tradicionales,tradicional,,False
79-monte-athos,79,Mercado Monte Athos,Miguel Hidalgo,"Monte Athos 375, esq. Everest, Lomas de Chapultepec",Lomas de Chapultepec,19.421915,-99.225246,colonia,Tradicionales,tradicional,,False
88-dieciocho-de-marzo,88,Mercado Dieciocho de Marzo,Miguel Hidalgo,"Lago Naur, entre Daniel Cabrera y Lago Erne, Reforma Pensil",Reforma Pensil,19.449728,-99.192095,colonia,Tradicionales,tradicional,,False
93-lago-garda,93,Mercado Lago Garda,Miguel Hidalgo,"Lago Garda, Ahuehuetes Anáhuac",Ahuehuetes Anáhuac,19.447012,-99.189535,colonia,Tradicionales,tradicional,,False
94-zacatito,94,Mercado Zacatito,Miguel Hidalgo,"Sanctorum y Cjón. de Zacatito, entre Río Yapura y Tlacotalpan, Argentina Poniente",Argentina Poniente,19.461071,-99.211001,colonia,Tradicionales,tradicional,,False
95-argentina,95,Mercado Argentina,Miguel Hidalgo,"Lago Viedma, entre Lago Atitlán y Lago Ximilpa, Argentina Antigua",Argentina Antigua,19.456734,-99.203209,colonia,Tradicionales,tradicional,,False
99-escandon,99,Mercado Escandón,Miguel Hidalgo,"Martí, entre Comercio y Agricultura, Escandón",Escandón,19.402334,-99.178739,colonia,Tradicionales,tradicional,,False
100-ing-gonzalo-pena-manterola-cartagena,100,Mercado Ing. Gonzalo Peña Manterola (Cartagena),Miguel Hidalgo,"Luis Ruiz. esq. Erasmo Cayetano Q., Tacubaya",Tacubaya,19.402596,-99.18919,colonia,Tradicionales,tradicional,,False
124-america,124,Mercado América,Miguel Hidalgo,"Sur 128, entre Coronel Camacho y General Tola, América",América,19.403683,-99.203542,colonia,Tradicionales,tradicional,,False
151-lago-gascasonica,151,Mercado Lago Gascasónica,Miguel Hidalgo,"Lago Gascasónica, esq. Lago Esclavos, Huichapan",Huichapan,19.462355,-99.193286,colonia,Tradicionales,tradicional,,False
172-prado-norte,172,Mercado Prado Norte,Miguel Hidalgo,"Prado Norte esq. Explanada, Lomas de Chapultepec",Lomas de Chapultepec,19.421882,-99.224828,colonia,Tradicionales,tradicional,,False
196-prado-sur,196,Mercado Prado Sur,Miguel Hidalgo,"Monte Athos, esq. Prado Sur 145, Lomas de Chapultepec",Lomas de Chapultepec,19.421636,-99.225843,colonia,Tradicionales,tradicional,,False
232-san-isidro-zona,232,Mercado San Isidro Zona,Miguel Hidalgo,"Av. Santa Rosa, entre Calle 11 y Calle 12, Reforma Social",Reforma Social,19.429706,-99.220217,colonia,Tradicionales,tradicional,,False
394-villa-milpa-alta-mercado-antojitos,394,Mercado Villa Milpa Alta (Mercado Antojitos),Milpa Alta,"Querétaro, esq. Yucatán, Villa Milpa Alta Centro",Villa Milpa Alta Centro,19.192291,-99.022231,colonia,Especializado,especializado,,False
408-san-bartolome-xicomulco,408,Mercado San Bartolomé Xicomulco,Milpa Alta,"5 de Mayo Oriente, entre Niños Héroes y Primavera, Pueblo San Bartolomé Xicomulco",Pueblo San Bartolomé Xicomulco,19.205934,-99.06768,colonia,Regional,regional,,False
40-benito-juarez-milpa-alta,40,Mercado Benito Juárez (Milpa Alta),Milpa Alta,"Yucatán y Constitución, entre Michoacán y Querétaro, Villa Milpa Alta Centro",Villa Milpa Alta Centro,19.192047,-99.023339,colonia,Tradicionales,tradicional,,False
182-san-pedro-atocpan,182,Mercado San Pedro Atocpan,Milpa Alta,"Francisco I. Madero, entre Teutli y Venustiano Carranza, Pueblo San Pedro Atocpan",Pueblo San Pedro Atocpan,19.201107,-99.049014,colonia,Tradicionales,tradicional,,False
244-san-salvador-cuauhtenco-doce-de-octubre,244,Mercado San Salvador Cuauhtenco (Doce de Octubre),Milpa Alta,"Morelos, entre Jalapa y Guerrero, Pueblo San Salvador Cuauhtenco",Pueblo San Salvador Cuauhtenco,19.191253,-99.090281,colonia,Tradicionales,tradicional,,False
322-san-antonio-tecomitl,322,Mercado San Antonio Tecómitl,Milpa Alta,"Morelos, esq. 5 de Mayo, Pueblo Sn. A. Tecómitl",Pueblo Sn. A. Tecómitl,19.215185,-98.989229,colonia,Tradicionales,tradicional,,False
323-san-pablo-oztotepec,323,Mercado San Pablo Oztotepec,Milpa Alta,"Guerrero, entre Hidalgo y Galeana, Pueblo San Pablo Oztotepec",Pueblo San Pablo Oztotepec,19.186824,-99.070651,colonia,Tradicionales,tradicional,,False
342-juarez-tecomitl,342,Mercado Juárez Tecómitl,Milpa Alta,"Guadalupe Victoria, Barrio Tenantitla",Barrio Tenantitla,19.214874,-98.993763,colonia,Tradicionales,tradicional,,False
373-emiliano-zapata-tetelco,373,Mercado Emiliano Zapata (Tetelco),Milpa Alta,"Morelos, esq. Puebla, Emiliano Zapata 2da Sección",Emiliano Zapata 2da Sección,19.211668,-98.972468,colonia,Tradicionales,tradicional,,False
382-santa-ana-tlacotenco,382,Mercado Santa Ana Tlacotenco,Milpa Alta,"Cuauhtémoc, esq. Francisco I. Madero, Pueblo Santa Ana Tlacotenco",Pueblo Santa Ana Tlacotenco,19.177168,-98.997623,colonia,Tradicionales,tradicional,,False
395-benito-juarez-anexo,395,Mercado Benito Juárez (Anexo),Milpa Alta,"Yucatán, entre Michoacán y Jalisco, Villa Milpa Alta Centro",Villa Milpa Alta Centro,19.191236,-99.023499,colonia,Tradicionales,tradicional,,False
1002-tipico-regional,1002,Mercado Típico Regional,Tláhuac,"Calzada Tulyehualco, esq. Av. Gral. Severiano Ceniceros, San Pedro Tláhuac",San Pedro Tláhuac,19.285037,-99.004039,colonia,Especializados Y Turístico,especializado|turístico,artesanías,False
178-mixquic,178,Mercado Mixquic,Tláhuac,"Independencia, entre 20 de Noviembre y Canal Seco, Barrio San Andrés",Barrio San Andrés,19.2245,-98.9648,punto,Especializados Y Turístico,especializado|turístico,,False
41-central-de-tlahuac,41,Central de Tláhuac,Tláhuac,"Tláhuac-Chalco, entre Emiliano Zapata y Severiano Ceniceros, San Pedro Tláhuac",San Pedro Tláhuac,19.286618,-99.004446,colonia,Tradicionales,tradicional,,False
179-san-juan-ixtayopan,179,Mercado San Juan Ixtayopan,Tláhuac,"Vicente Guerrero, esq. Emiliano Zapata, San José Ixtayopan",San José Ixtayopan,19.238977,-99.020304,colonia,Tradicionales,tradicional,,False
192-zapotitlan,192,Mercado Zapotitlán,Tláhuac,"Francisco Jiménez 14-17, Santa Ana Sur, Tláhuac",Tláhuac,19.285986,-99.006123,colonia,Tradicionales,tradicional,,False
211-tlaltenco-san-francisco,211,Mercado Tlaltenco (San Francisco),Tláhuac,"Carlos A. Vidal, entre Plan de Ayutla y Quintana Roo, Pueblo San Franciusco Tlaltenco",Pueblo San Franciusco Tlaltenco,19.299953,-99.015695,colonia,Tradicionales,tradicional,,False
248-santa-cecilia,248,Mercado Santa Cecilia,Tláhuac,"Calle 12, entre Calle 11 y Calle 9, Santa Cecilia",Santa Cecilia,19.278097,-99.005751,colonia,Tradicionales,tradicional,,False
252-abraham-del-llano-nopalera,252,Mercado Abraham del Llano (Nopalera),Tláhuac,"Amado Nervo, entre Emiliano Zapata e Independencia, La Nopalera",La Nopalera,19.299383,-99.052885,colonia,Tradicionales,tradicional,,False
253-los-olivos,253,Mercado Los Olivos,Tláhuac,"José Lugo, esq. Ruiz Cortines, Los Olivos",Los Olivos,19.303613,-99.053357,colonia,Tradicionales,tradicional,,False
254-miguel-hidalgo,254,Mercado Miguel Hidalgo,Tláhuac,"Francisco I. Madero, esq. Lucas Marencio C, Miguel Hidalgo",Miguel Hidalgo,19.290508,-99.045762,colonia,Tradicionales,tradicional,,False
356-agricola-metropolitana-felipe-astorga-ochoa,356,Mercado Agrícola Metropolitana (Felipe Astorga Ochoa),Tláhuac,"Calle Zoyate, entre Nardo y Violeta, Agrícola Metropolitana",Agrícola Metropolitana,19.291315,-99.051522,colonia,Tradicionales,tradicional,,False
358-santa-catarina,358,Mercado Santa Catarina,Tláhuac,"Pípila, entre Emiliano Zapata y Concepción, Santa Catarina Yecahuitzotl",Santa Catarina Yecahuitzotl,19.30931,-98.967427,colonia,Tradicionales,tradicional,,False
359-del-mar,359,Mercado Del Mar,Tláhuac,"Tiburón, entre Camarón y Sirena, Del Mar",Del Mar,19.287076,-99.059733,colonia,Tradicionales,tradicional,,False
371-san-jose,371,Mercado San José,Tláhuac,"Agustín Lara, entre Juventino Rosas y Guadalupe Trigo, San José́",San José́,19.275047,-98.999596,colonia,Tradicionales,tradicional,,False
372-selene,372,Mercado Selene,Tláhuac,"Océano de las Tempestades, entre Mar de las Crisis y Montes Apeninos, Selene",Selene,19.287898,-98.993768,colonia,Tradicionales,tradicional,,False
374-zapotitla,374,Mercado Zapotitla,Tláhuac,"Salvador Díaz Mirón, esq. Cecilio Acosta, Zapotitla",Zapotitla,19.310295,-99.03737,colonia,Tradicionales,tradicional,,False
411-la-estacion,411,Mercado La Estación,Tláhuac,"Estación Pino Suárez, entre calle Bellas Artes y San Rafael Atlixco, La Estación",La Estación,19.308197,-99.043227,colonia,Tradicionales,tradicional,,False
1001-ampliacion-selene,1001,Mercado Ampliación Selene,Tláhuac,"Mar de los Vapores, Ampliación Selene",Ampliación Selene,19.289723,-98.993804,colonia,Tradicionales,tradicional,,False
251-comidas-huipulco,251,Mercado de Comida de Huipulco,Tlalpan,"Calzada de Tlalpan esq. Calzada Acoxpa, Pueblo Huipulco, Tlalpan, 14370 CDMX",Calzada Acoxpa y Huipulco,19.2983,-99.1497,punto,"Especializados, Turísticos Y Tradicionales",tradicional|especializado|turístico,comida,True
274-artesanias-vasco-de-quiroga,274,Mercado de Artesanías Vasco de Quiroga,Tlalpan,"Av. Insurgentes Sur s/n, Bosques del Pedregal, Tlalpan, 14020 CDMX",Peña Pobre,19.2975,-99.1867,punto,"Especializados, Turísticos Y Tradicionales",tradicional|especializado|turístico,artesanías|muebles,True
286-flores-san-fernando,286,Mercado Flores San Fernando,Tlalpan,"Calzada de Tlalpan, entre San Francisco y Allende, Tlalpan Centro",Tlalpan Centro,19.288612,-99.166975,colonia,"Especializados, Turísticos Y Tradicionales",tradicional|especializado|turístico,flores,False
267-fuentes-brotantes,267,Mercado Fuentes Brotantes,Tlalpan,"Parque Nacional Fuentes Brotantes, Fuentes Brotantes",Fuentes Brotantes,19.282378,-99.180808,colonia,"Especializados, Turísticos Y Tradicionales",tradicional|especializado|turístico,,False
263-villa-coapa,263,Mercado Villa Coapa,Tlalpan,"Canal de Miramontes, entre Acoxpa y Caporal, Villa Coapa",Villa Coapa,19.287787,-99.118787,colonia,Tradicionales,tradicional,,False
265-lazaro-cardenas,265,Mercado Villa Lázaro Cárdenas (Tlalpan),Tlalpan,"Acueducto s/n, Lázaro Cárdenas, Tlalpan, 14370 CDMX",Villa Lázaro Cárdenas,19.3005,-99.1455,punto,Tradicionales,tradicional,abasto general|comida,True
282-isidro-fabela,282,Mercado Isidro Fabela,Tlalpan,"Primera Norte, esq. 4 A Poniente, Isidro Fabela",Isidro Fabela,19.297733,-99.169956,colonia,Tradicionales,tradicional,,False
285-san-andres-totoltepec,285,Mercado San Andrés Totoltepec,Tlalpan,"16 de Septiembre, entre Reforma y Riva Palacio, Pueblo San Andrés Totoltepec",Pueblo San Andrés Totoltepec,19.253121,-99.177505,colonia,Tradicionales,tradicional,,False
289-miguel-hidalgo,289,Mercado Miguel Hidalgo,Tlalpan,"Corregidora, entre Michoacán y Cda. de Corregidora, Miguel Hidalgo 1era Sección",Miguel Hidalgo 1era Sección,19.273686,-99.21171,colonia,Tradicionales,tradicional,,False
320-torres-de-padierna,320,Mercado Torres de Padierna,Tlalpan,"Tixkokob, entre Seye y Sacalúm, Torres de Padierna",Torres de Padierna,19.28109,-99.227671,colonia,Tradicionales,tradicional,,False
350-san-nicolas-totolapan,350,Mercado San Nicolás Totolapan,Tlalpan,"Kantunil, entre Sinaché y Chemax, Pedregal de San Nicolás 3era Sección",Pedregal de San Nicolás 3era Sección,19.293731,-99.233738,colonia,Tradicionales,tradicional,,False
355-margarita-maza-de-juarez,355,Mercado Margarita Maza de Juárez,Tlalpan,"Dzemul, esq. Maní, Pedregal de San Nicolás 4ta. Sección",Pedregal de San Nicolás 4ta. Sección,19.292843,-99.23432,colonia,Tradicionales,tradicional,,False
391-jose-maria-morelos-y-pavon,391,Mercado José María Morelos y Pavón,Tlalpan,"Cda. Don Refugio, entre Cacahuatales y Tenorios, Tenorios",Tenorios,19.300431,-99.118377,colonia,Tradicionales,tradicional,,False
392-plaza-mexicana-del-sur,392,Mercado Plaza Mexicana del Sur,Tlalpan,"Acoxpa, casi esq. Calzada de Tlalpan, Pueblo San Lorenzo Huipulco",Pueblo San Lorenzo Huipulco,19.292512,-99.142679,colonia,Tradicionales,tradicional,,False
393-hueso-periferico,393,Mercado Hueso Periférico,Tlalpan,"Calzada del Hueso 1079, entre Fresales y Canal Nacional, Granjas Coapa",Granjas Coapa,19.298764,-99.10602,colonia,Tradicionales,tradicional,,False
394-veinticuatro-de-febrero,394,Mercado Veinticuatro de Febrero,Tlalpan,"F.F. C.C. Cuernavaca, entre Tulúm y Prolongación Tekit, Lomas de Padierna",Lomas de Padierna,19.273712,-99.215122,colonia,Tradicionales,tradicional,,False
403-dr-y-gral-jose-gonzalez-varela,403,Mercado Dr. y Gral. José González Varela,Tlalpan,"Calle del Rosal, entre 5 de Mayo y Azucena, Pueblo San Pedro Mártir",Pueblo San Pedro Mártir,19.265831,-99.170064,colonia,Tradicionales,tradicional,,False
406-tlalcoligia,406,Mercado Tlalcoligia,Tlalpan,"Tepehuanos, esq. Otomíes, Tlalcoligia",Tlalcoligia,19.277034,-99.166917,colonia,Tradicionales,tradicional,,False
1011-mirador,1011,Mercado Mirador,Tlalpan,"Popolnáh, entre Bekal y Tekit, Lomas de Padierna",Lomas de Padierna,19.272545,-99.214494,colonia,Tradicionales,tradicional,,False
1012-veintiuno-de-abril,1012,Mercado Veintiuno de Abril,Tlalpan,"Hopelchén, entre Xitle e Izamal, Rinconada el Mirador II",Rinconada el Mirador II,19.268611,-99.151799,colonia,Tradicionales,tradicional,,False
42-la-paz,42,Mercado La Paz (Tlalpan),Tlalpan,"Congreso s/n esq. Guadalupe Victoria, Tlalpan Centro, 14000 CDMX",Tlalpan Centro,19.2907,-99.1682,punto,Tradicionales,tradicional,abasto general|comida,True
267-fuentes-brotantes-2,267,Mercado Fuentes Brotantes,Tlalpan,"Parque Nacional Fuentes Brotantes, Fuentes Brotantes",Fuentes Brotantes,19.282378,-99.180808,colonia,Tradicionales,tradicional,,False
52-merced-ampudia,52,Mercado Merced Ampudia,Venustiano Carranza,"Anillo de Circunvalación 4, esq. Callejón Carretones, Zona Centro",Zona Centro,19.4278,-99.1245,punto,Especializados,especializado,dulces,False
65-jamaica-comidas,65,Mercado Jamaica Comidas,Venustiano Carranza,"Guillermo Prieto 45, Jamaica, Venustiano Carranza, 15800 CDMX",Jamaica,19.4092,-99.1227,punto,Especializados,especializado,comida,True
101-merced-nave-menor,101,Mercado Merced Nave Menor,Venustiano Carranza,"Rosario, esq. Adolfo Gurrión, Zona Centro",Zona Centro,19.4241,-99.1215,punto,Especializados,especializado,abasto general,False
103-merced-paso-a-desnivel,103,Mercado Merced Paso a Desnivel,Venustiano Carranza,"Rosario, esq. Adolfo Gurrión, Zona Centro",Zona Centro,19.4247,-99.1221,punto,Especializados,especializado,abasto general,False
104-merced-comidas,104,Mercado Merced Comidas,Venustiano Carranza,"Calle Rosario 120, entre Gral. Anaya y Carretones, Zona Centro",Zona Centro,19.4262,-99.1243,punto,Especializados,especializado,comida,False
105-merced-flores,105,Mercado Merced Flores,Venustiano Carranza,"Anillo de Circunvalación, entre Plaza Carrizales y Rayón, Zona Centro",Zona Centro,19.4272,-99.1232,punto,Especializados,especializado,flores,False
106-merced-anexo,106,Mercado Merced Anexo,Venustiano Carranza,"Adolfo Gurrión, esq. Cabañas, Zona Centro",Zona Centro,19.4236,-99.1225,punto,Especializados,especializado,abasto general,False
107-merced-sonora,107,Mercado Merced Sonora,Venustiano Carranza,"Fray Servando T. de Mier, entre Eje 1 Oriente y Callejón San Nicolás, Merced Balbuena",Merced Balbuena,19.4221,-99.1249,punto,Especializados,especializado,hierbas y esotérico,False
108-merced-sonora-anexo,108,Mercado Merced Sonora Anexo,Venustiano Carranza,"Callejón San Nicolás, entre Fray Servando T. de Mier y Eje 1 Oriente, Merced Balbuena",Merced Balbuena,19.4217,-99.1245,punto,Especializados,especializado,hierbas y esotérico,False
235-jamaica-nuevo,235,Mercado de Jamaica (Nuevo),Venustiano Carranza,"Congreso de la Unión s/n, Jamaica, Venustiano Carranza, 15800 CDMX",Jamaica,19.4099,-99.1216,punto,Especializados,especializado,flores|plantas,True
241-merced-paso-a-desnivel-gomez-pedraza,241,Mercado Merced Paso a Desnivel Gómez Pedraza,Venustiano Carranza,"Circunvalación, esq. Gómez Pedraza, Zona Centro",Zona Centro,19.430679,-99.121652,colonia,Especializados,especializado,abasto general,False
264-calzado-la-central,264,Mercado Calzado la Central,Venustiano Carranza,"Cerrada Aviadero, entre Aluminio y Estaño, Felipe Ángeles",Felipe Ángeles,19.453995,-99.113013,colonia,Especializados,especializado,ropa y calzado,False
409-minillas,409,Mercado Minillas,Venustiano Carranza,"Congreso de la Unión, esq. Canal del Norte, Ampliación Michoacana",Ampliación Michoacana,19.448849,-99.113251,colonia,Especializados,especializado,,False
901-nuevo-san-lazaro,901,Mercado Nuevo San Lázaro,Venustiano Carranza,"Río Frío 261, entre 20 de Noviembre e Industria, Pueblo de la Magdalena Mixiuhca",Pueblo de la Magdalena Mixiuhca,19.409757,-99.116889,colonia,Especializados,especializado,,False
15-jamaica-zona,15,Mercado Jamaica Zona,Venustiano Carranza,"Congreso de la Unión, entre Morelos y la Viga, Jamaica",Jamaica,19.4088,-99.1219,punto,Tradicionales,tradicional,,False
21-moctezuma,21,Mercado Moctezuma,Venustiano Carranza,"Oriente 154 y Oriente 158, entre Norte 25 y Norte 21, Moctezuma 2da Sección",Moctezuma 2da Sección,19.43249,-99.097544,colonia,Tradicionales,tradicional,,False
25-unidad-rastro,25,Mercado Unidad Rastro,Venustiano Carranza,"Ing. Eduardo Molina, entre Aluminio y Estaño, Felipe Ángeles",Felipe Ángeles,19.453193,-99.11445,colonia,Tradicionales,tradicional,,False
26-romero-rubio,26,Mercado Romero Rubio,Venustiano Carranza,"Cantón, entre Marruecos y Persia, Romero Rubio",Romero Rubio,19.440178,-99.097619,colonia,Tradicionales,tradicional,,False
85-puebla,85,Mercado Puebla,Venustiano Carranza,"Calle 69 y Avenida 4, entre Calle 65 y Calle 67, Puebla",Puebla,19.409175,-99.084896,colonia,Tradicionales,tradicional,,False
la-merced,102,Mercado de La Merced,Venustiano Carranza,"Circunvalación, La Merced, Zona Centro, Venustiano Carranza, 15100 CDMX",Zona Centro,19.4253,-99.1227,punto,Tradicionales,tradicional,abasto general|comida|flores|dulces,True
109-merced-banqueton,109,Mercado Merced Banquetón,Venustiano Carranza,"Rosario, esq. Abraham Olvera, Zona Centro",Zona Centro,19.4258,-99.1236,punto,Tradicionales,tradicional,comida,False
140-alvaro-obregon,140,Mercado Álvaro Obregón,Venustiano Carranza,"Cucurpe y Roa Bárcenas, entre Agiabanpo y Bacúm, Álvaro Obregón",Álvaro Obregón,19.413464,-99.11897,colonia,Tradicionales,tradicional,,False
148-ignacio-zaragoza,148,Mercado Ignacio Zaragoza,Venustiano Carranza,"Avenida 8, entre Calle 35 y Calle 39, General Ignacio Zaragoza",General Ignacio Zaragoza,19.41144,-99.09222,colonia,Tradicionales,tradicional,,False
150-pensador-mexicano,150,Mercado Pensador Mexicano,Venustiano Carranza,"Río Consulado, entre Norte 172 y Norte 174, Pensador Mexicano",Pensador Mexicano,19.443375,-99.079961,colonia,Tradicionales,tradicional,,False
159-jardin-balbuena,159,Mercado Jardín Balbuena,Venustiano Carranza,"Genaro García, entre Retorno 27 y Retorno 29, Jardín Balbuena",Jardín Balbuena,19.41629,-99.114681,colonia,Tradicionales,tradicional,,False
165-morelos,165,Mercado Morelos,Venustiano Carranza,"Ing. Eduardo Molina, entre Herreros y Hortelanos, Morelos",Morelos,19.445246,-99.12284,colonia,Tradicionales,tradicional,,False
174-veinte-de-abril,174,Mercado Veinte de Abril,Venustiano Carranza,"Oriente 168, entre Oriente 170 y Norte 13, Moctezuma 1era Sección",Moctezuma 1era Sección,19.432705,-99.097963,colonia,Tradicionales,tradicional,,False
183-federal,183,Mercado Federal,Venustiano Carranza,"Universidad Nacional, entre Suprema Corte de Justicia y Educación Pública, Federal",Federal,19.422707,-99.088486,colonia,Tradicionales,tradicional,,False
187-aviacion-civil,187,Mercado Aviación Civil,Venustiano Carranza,"Horacio Ruiz, esq. Carlos A. Lindbergh, Aviación Civil",Aviación Civil,19.410738,-99.077265,colonia,Tradicionales,tradicional,,False
197-aquiles-serdan,197,Mercado Aquiles Serdán,Venustiano Carranza,"Pekín y Puerto Arturo, entre Dínares y Esterlinas, Aquiles Serdán",Aquiles Serdán,19.447875,-99.091049,colonia,Tradicionales,tradicional,,False
203-emilio-carranza,203,Mercado Emilio Carranza,Venustiano Carranza,"Imprenta, esq. Jardineros, Morelos",Morelos,19.445541,-99.122745,colonia,Tradicionales,tradicional,,False
209-adolfo-lopez-mateos,209,Mercado Adolfo López Mateos,Venustiano Carranza,"Agustín Olachea Avilés, esq. Jaime Torres Bodet, Adolfo López Mateos",Adolfo López Mateos,19.419413,-99.072637,colonia,Tradicionales,tradicional,,False
214-plan-de-ayala-caracol,214,Mercado Plan de Ayala Caracol,Venustiano Carranza,"Ignacio Zaragoza, esq. Francisco Villa, Caracol",Caracol,19.427699,-99.067014,colonia,Tradicionales,tradicional,,False
238-pantitlan-arenal,238,Mercado Pantitlán Arenal,Venustiano Carranza,"Circunvalación, esq. Ernesto P. Uruchurtu, Cuchilla Pantitlán",Cuchilla Pantitlán,19.421464,-99.064989,colonia,Tradicionales,tradicional,,False
240-unidad-kennedy,240,Mercado Unidad Kennedy,Venustiano Carranza,"Retorno 5 de I. Zaragoza, entre Cecilio Robelo y Ribera Cambas, Jardín Balbuena",Jardín Balbuena,19.417154,-99.113591,colonia,Tradicionales,tradicional,,False
245-valle-gomez,245,Mercado Valle Gómez,Venustiano Carranza,"Río Consulado, entre Proaño y Pozos , Valle Gómez",Valle Gómez,19.457007,-99.120773,colonia,Tradicionales,tradicional,,False
278-santa-juanita,278,Mercado Santa Juanita,Venustiano Carranza,"Oficios, entre Electricistas y Grabados, 20 de Noviembre",20 de Noviembre,19.443679,-99.107954,colonia,Tradicionales,tradicional,,False
283-arenal-4a-seccion,283,Mercado Arenal 4a. Sección,Venustiano Carranza,"Xochitlán Norte y Xochitlán Sur, 4ta Sección Arenal",4ta Sección Arenal,19.430467,-99.057262,colonia,Tradicionales,tradicional,,False
346-penon-de-los-banos,346,Mercado Peñón de los Baños,Venustiano Carranza,"Matamoros, esq. Chimalhuacán, Peñón de los Baños",Peñón de los Baños,19.440367,-99.077811,colonia,Tradicionales,tradicional,,False
381-lic-octavio-senties,381,Mercado Lic. Octavio Senties,Venustiano Carranza,"Floricultura y Electricistas, entre Grabados y Oficios, 20 de Noviembre",20 de Noviembre,19.444165,-99.10967,colonia,Tradicionales,tradicional,,False
903-del-parque,903,Mercado Del Parque,Venustiano Carranza,"Congreso de la Unión, entre Lorenzo Boturini y Nivel, Del Parque",Del Parque,19.426482,-99.116629,colonia,Tradicionales,tradicional,,False
904-luis-preciado-de-la-torre,904,Mercado Luis Preciado de la Torre,Venustiano Carranza,"Emilio Carranza, esq. Luis Preciado de la Torre, Moctezuma 1era Sección",Moctezuma 1era Sección,19.432566,-99.098503,colonia,Tradicionales,tradicional,,False
380-guadalupe-i-ramirez,380,Mercado Guadalupe I. Ramírez,Xochimilco,"Guadalupe I. Ramírez, esq. Pedro Ramírez del Castillo, Barrio San Juan",Barrio San Juan,19.253542,-99.033418,colonia,Especializado Y Turístico,especializado|turístico,plantas,False
115-nativitas,115,Mercado Nativitas,Xochimilco,"Embarcadero, esq. Antiguo Camino a Nativitas, Nativitas",Nativitas,19.257751,-99.090535,colonia,Especializado Y Turístico,especializado|turístico,plantas,False
44-xochimilco-zona-xochitl,44,Mercado Xochimilco Zona Xóchitl (Mercado 44),Xochimilco,"Vicente Guerrero s/n, Xaltocan, Xochimilco, 16090 CDMX",Barrio El Rosario,19.2616,-99.1045,punto,Tradicionales,tradicional,abasto general|comida|productores locales,True
146-tulyehualco,146,Mercado Tulyehualco,Xochimilco,"Zaragoza, esq. División del Norte, Pueblo Santiago Tulyehualco",Pueblo Santiago Tulyehualco,19.254858,-99.010925,colonia,Tradicionales,tradicional,,False
190-san-gregorio-atlapulco,190,Mercado San Gregorio Atlapulco,Xochimilco,"Chapultepec, entre Fernando Montes de Oca y Cuauhtémoc, Pueblo San Gregorio Atlapulco",Pueblo San Gregorio Atlapulco,19.25323,-99.056526,colonia,Tradicionales,tradicional,,False
377-xochimilco-anexo,377,Mercado Xochimilco Anexo,Xochimilco,"Morelos 60, entre 16 de Septiembre y Francisco I. Madero, Barrio El Rosario",Barrio El Rosario,19.261122,-99.103593,colonia,Tradicionales,tradicional,,False
378-santa-cruz-acalpixca,378,Mercado Santa Cruz Acalpixca,Xochimilco,"México, esq. Pedro Benavides, Barrio Sta. C. Acalpixca",Barrio Sta. C. Acalpixca,19.246283,-99.076781,colonia,Tradicionales,tradicional,,False
379-ampliacion-san-marcos,379,Mercado Ampliación San Marcos,Xochimilco,"Tepozanes # 56, entre Casuarinas y Cerrada Olmos, Ampliación San Marcos Norte",Ampliación San Marcos Norte,19.269369,-99.112432,colonia,Tradicionales,tradicional,,False
381-tierra-nueva,381,Mercado Tierra Nueva,Xochimilco,"18 de Marzo, esq. México, Tierra Nueva",Tierra Nueva,19.257133,-99.115234,colonia,Tradicionales,tradicional,,False
382-ampliacion-tepepan,382,Mercado Ampliación Tepepan,Xochimilco,"Bufalaga, entre Camino Real a Xochitepec y Las Torres, Ampliación Tepepan",Ampliación Tepepan,19.265199,-99.131764,colonia,Tradicionales,tradicional,,False
383-ahualapa,383,Mercado Ahualapa,Xochimilco,"Ahualapa, entre Callejón Xochitepango y Plaza Principal, Barrio Santa Cruz Acalpixca",Barrio Santa Cruz Acalpixca,19.244782,-99.07652,colonia,Tradicionales,tradicional,,False
central-de-abasto,CEDA,Central de Abasto (CEDA),Iztapalapa,"Av. Canal de Río Churubusco s/n, Central de Abasto, Iztapalapa, CDMX",,19.3745,-99.0905,punto,Mayorista,mayorista|especializado,mayoreo|frutas y legumbres|flores|abarrotes|cárnicos,True
la-ciudadela,,Mercado de Artesanías La Ciudadela,Cuauhtémoc,"Balderas s/n, Centro, Cuauhtémoc, 06040 CDMX",,19.4306,-99.1484,punto,Especializado y turístico,especializado|turístico,artesanías,True
centro-acopio-nopal-milpa-alta,,Centro de Acopio del Nopal y Verdura (Milpa Alta),Milpa Alta,"Quintana Roo s/n, Villa Milpa Alta, San Agustín, Milpa Alta, 12000 CDMX",,19.1926,-99.0232,punto,Centro de acopio,mayorista|productores,nopal|verdura|mayoreo,True
granaditas,709,Mercado Granaditas,Cuauhtémoc,"Eje 1 Norte (Héroes de Granaditas) s/n, Morelos, Cuauhtémoc, 06200 CDMX",,19.4453,-99.1287,punto,Especializado,especializado,ropa y calzado,True
la-nueva-viga,,Mercado La Nueva Viga,Iztapalapa,"Prolongación Eje 6 Sur, inmediaciones de la Central de Abasto, Iztapalapa, 09040 CDMX",,19.3596,-99.0902,punto,Especializado,mayorista|especializado|turístico,pescados y mariscos|comida,True
